Database,Units,Series_Code,Country,Descriptor,1970A1,1971A1,1972A1,1973A1,1974A1,1975A1,1976A1,1977A1,1978A1,1979A1,1980A1,1981A1,1982A1,1983A1,1984A1,1985A1,1986A1,1987A1,1988A1,1989A1,1990A1,1991A1,1992A1,1993A1,1994A1,1995A1,1996A1,1997A1,1998A1,1999A1,2000A1,2001A1
World Economic Outlook,Annual percent change,W914NGDP_R%,ALBANIA,"Gross domestic product, constant prices",2.70,2.70,2.70,2.70,2.70,2.70,2.70,2.70,2.70,2.70,2.68,5.00,2.95,1.10,-1.25,1.78,5.64,-0.79,-1.42,9.84,-10.00,-28.00,-7.19,9.56,9.40,8.90,9.10,-7.00,8.00,8.00,8.00,8.00
World Economic Outlook,Annual percent change,W612NGDP_R%,ALGERIA,"Gross domestic product, constant prices",7.33,-1.93,10.25,7.63,1.22,10.28,9.03,7.55,9.20,-5.40,-5.40,0.00,3.00,6.40,5.40,5.60,-0.20,-0.70,-1.90,4.80,0.80,-1.20,1.60,-2.10,-0.90,3.85,3.80,1.10,5.10,3.40,4.16,4.15
World Economic Outlook,Annual percent change,W614NGDP_R%,ANGOLA,"Gross domestic product, constant prices",9.63,6.00,0.15,8.14,3.13,-5.04,-5.25,0.76,-5.30,0.30,2.41,-4.40,0.00,4.20,6.00,3.50,2.90,4.08,6.13,0.04,0.06,0.32,-5.84,-23.98,1.34,11.55,11.57,5.74,6.39,1.28,n.a.,n.a.
World Economic Outlook,Annual percent change,W311NGDP_R%,ANTIGUA AND BARBUDA,"Gross domestic product, constant prices",4.39,7.34,7.48,8.30,6.77,2.90,4.86,4.71,9.42,7.71,2.63,2.67,-0.10,8.80,8.50,15.28,8.90,8.98,5.67,6.83,2.28,2.73,0.40,5.50,6.17,-4.95,6.10,5.60,3.90,3.10,n.a.,n.a.
World Economic Outlook,Annual percent change,W213NGDP_R%,ARGENTINA,"Gross domestic product, constant prices",0.00,6.67,6.25,5.88,5.56,-1.30,-3.30,4.90,-3.40,7.10,0.70,-5.74,-3.15,3.73,2.00,-6.95,7.15,2.53,-1.96,-7.01,-1.34,10.50,10.30,6.25,5.84,-2.84,5.53,8.11,3.87,-3.13,3.41,3.70
World Economic Outlook,Annual percent change,W911NGDP_R%,ARMENIA,"Gross domestic product, constant prices",n.a.,n.a.,n.a.,n.a.,n.a.,n.a.,n.a.,n.a.,n.a.,n.a.,n.a.,n.a.,n.a.,n.a.,n.a.,n.a.,n.a.,n.a.,n.a.,n.a.,n.a.,-12.36,-52.60,-14.05,5.40,6.90,5.87,3.32,7.16,4.00,6.01,6.00
World Economic Outlook,Annual percent change,W193NGDP_R%,AUSTRALIA,"Gross domestic product, constant prices",5.19,5.02,2.41,6.87,1.97,2.30,3.89,1.62,2.83,4.98,2.05,3.97,0.30,-0.04,6.47,5.32,1.85,5.01,5.65,4.27,1.52,-0.86,2.62,3.80,4.99,4.39,3.98,3.87,5.11,4.44,3.92,3.46
World Economic Outlook,Annual percent change,W122NGDP_R%,AUSTRIA,"Gross domestic product, constant prices",7.17,5.11,6.21,4.89,3.94,-0.36,4.58,4.68,-0.36,5.45,2.31,-0.10,1.91,2.80,0.33,2.24,2.34,1.68,3.17,4.23,4.55,3.42,1.34,0.51,2.38,1.70,1.98,1.19,2.88,1.98,3.10,3.28
World Economic Outlook,Annual percent change,W912NGDP_R%,AZERBAIJAN,"Gross domestic product, constant prices",n.a.,n.a.,n.a.,n.a.,n.a.,n.a.,n.a.,n.a.,n.a.,n.a.,n.a.,n.a.,n.a.,n.a.,n.a.,n.a.,n.a.,n.a.,n.a.,n.a.,n.a.,-0.70,-22.73,-23.10,-19.66,-11.82,1.26,5.80,10.00,7.40,4.60,7.90
World Economic Outlook,Annual percent change,W313NGDP_R%,"BAHAMAS, THE","Gross domestic product, constant prices",5.88,-1.12,0.71,8.46,7.02,-14.58,4.84,2.99,9.88,11.30,7.10,-2.90,6.30,6.80,2.40,4.10,2.60,3.70,2.26,2.30,1.25,-2.70,-2.00,1.70,0.90,0.30,4.20,3.30,3.00,6.00,n.a.,n.a.
World Economic Outlook,Annual percent change,W419NGDP_R%,BAHRAIN,"Gross domestic product, constant prices",1.93,1.52,11.08,13.99,8.54,-8.90,24.21,14.30,7.73,-0.36,7.49,2.78,6.41,6.99,4.19,-0.93,0.48,-1.22,-4.03,2.42,4.64,4.56,7.80,8.30,2.40,2.07,3.10,3.09,2.10,2.50,n.a.,n.a.
World Economic Outlook,Annual percent change,W513NGDP_R%,BANGLADESH,"Gross domestic product, constant prices",5.63,-5.91,-14.31,4.08,12.10,2.39,2.87,4.29,6.70,3.06,2.41,2.63,3.54,5.55,4.51,4.07,4.83,4.26,3.48,5.00,4.88,4.14,4.77,4.18,4.70,5.25,5.13,5.29,4.72,4.33,4.50,4.50
World Economic Outlook,Annual percent change,W316NGDP_R%,BARBADOS,"Gross domestic product, constant prices",5.88,6.40,4.67,3.93,5.66,15.52,7.82,3.65,4.87,7.90,4.37,-1.90,-4.90,0.50,3.60,1.10,5.10,2.60,3.50,3.60,-3.30,-3.90,-5.70,0.80,4.00,2.90,4.10,2.60,4.80,2.90,n.a.,n.a.
World Economic Outlook,Annual percent change,W913NGDP_R%,BELARUS,"Gross domestic product, constant prices",n.a.,n.a.,n.a.,n.a.,n.a.,n.a.,n.a.,n.a.,n.a.,n.a.,n.a.,n.a.,n.a.,n.a.,n.a.,n.a.,n.a.,n.a.,n.a.,n.a.,n.a.,-1.23,-9.70,-7.00,-13.20,-10.40,2.88,11.40,8.30,3.00,0.00,2.00
World Economic Outlook,Annual percent change,W124NGDP_R%,BELGIUM,"Gross domestic product, constant prices",7.60,3.54,5.47,5.64,4.30,-1.53,5.79,0.35,2.77,1.72,1.63,13.33,1.31,-0.55,2.41,1.94,1.77,2.68,4.62,3.65,2.71,1.97,1.58,-1.52,2.96,2.52,0.96,3.53,2.71,2.32,3.34,2.87
World Economic Outlook,Annual percent change,W339NGDP_R%,BELIZE,"Gross domestic product, constant prices",5.23,6.75,4.51,-0.51,9.30,0.66,-0.66,4.16,7.89,4.79,5.01,0.21,-0.28,-2.15,1.98,1.02,4.60,11.62,8.98,13.00,10.20,3.10,10.20,3.30,1.80,3.30,1.99,3.49,3.10,2.50,n.a.,n.a.
World Economic Outlook,Annual percent change,W638NGDP_R%,BENIN,"Gross domestic product, constant prices",2.03,1.95,8.93,2.28,-7.54,4.37,4.27,5.68,2.80,4.92,9.69,1.93,1.68,-2.00,0.40,4.33,2.15,-1.50,3.43,-2.85,3.21,4.72,4.01,3.52,4.37,4.60,5.55,5.72,4.51,4.95,n.a.,n.a.
World Economic Outlook,Annual percent change,W514NGDP_R%,BHUTAN,"Gross domestic product, constant prices",5.02,2.66,1.16,1.49,5.14,-3.30,8.95,7.90,7.14,4.80,4.99,10.03,5.35,7.96,7.12,4.00,10.10,17.83,4.08,4.53,5.87,3.89,4.40,4.99,5.05,6.94,6.00,5.70,4.60,6.50,n.a.,n.a.
World Economic Outlook,Annual percent change,W218NGDP_R%,BOLIVIA,"Gross domestic product, constant prices",7.79,4.90,5.80,6.68,5.15,6.60,6.10,4.21,1.61,1.92,0.61,0.92,-4.36,-4.46,-3.18,-3.92,3.28,0.82,4.59,3.79,4.64,5.27,1.65,4.27,4.67,4.68,4.36,4.45,4.65,2.50,n.a.,n.a.
World Economic Outlook,Annual percent change,W963NGDP_R%,BOSNIA AND HERCEGOVINIA,"Gross domestic product, constant prices",n.a.,n.a.,n.a.,n.a.,n.a.,n.a.,n.a.,n.a.,n.a.,n.a.,n.a.,n.a.,n.a.,n.a.,n.a.,n.a.,n.a.,n.a.,n.a.,n.a.,n.a.,n.a.,n.a.,n.a.,n.a.,21.17,68.98,30.01,18.00,8.01,n.a.,n.a.
World Economic Outlook,Annual percent change,W616NGDP_R%,BOTSWANA,"Gross domestic product, constant prices",14.86,17.25,29.77,24.77,10.33,8.52,15.90,10.52,14.51,12.99,11.74,8.44,11.90,13.61,9.08,7.21,7.97,11.66,18.92,13.19,7.13,7.42,3.00,2.04,3.41,4.66,6.88,7.76,6.00,5.02,n.a.,n.a.
World Economic Outlook,Annual percent change,W223NGDP_R%,BRAZIL,"Gross domestic product, constant prices",2.62,12.24,10.91,13.52,9.75,4.17,9.78,4.61,4.97,6.81,9.19,-4.40,0.60,-3.40,5.40,7.80,7.50,3.50,-0.10,3.20,-3.69,1.03,-0.54,4.92,5.85,4.23,2.66,3.60,-0.12,0.53,4.02,4.52
World Economic Outlook,Annual percent change,W918NGDP_R%,BULGARIA,"Gross domestic product, constant prices",7.00,6.90,7.70,8.10,7.60,8.80,6.50,6.30,5.60,6.60,5.70,5.30,4.20,3.00,4.60,1.80,5.30,4.70,2.40,-0.50,-9.10,-11.70,-7.30,-1.50,1.72,2.18,-10.88,-7.04,3.50,2.50,4.00,4.47
World Economic Outlook,Annual percent change,W748NGDP_R%,BURKINA FASO,"Gross domestic product, constant prices",9.76,1.01,-21.53,-5.34,8.11,-1.01,-0.65,-1.67,9.51,0.52,4.03,2.75,1.40,-1.31,1.64,11.31,8.56,-1.42,6.63,0.91,-1.49,9.95,2.48,-0.79,1.20,3.97,5.98,4.75,6.17,3.73,n.a.,n.a.
World Economic Outlook,Annual percent change,W618NGDP_R%,BURUNDI,"Gross domestic product, constant prices",9.76,17.54,-10.79,7.18,-0.83,1.01,7.87,12.38,1.23,1.35,-6.83,12.16,-1.05,3.72,0.16,11.78,3.25,5.50,5.03,1.35,3.50,5.00,0.70,-5.89,-3.68,-7.27,-8.36,0.38,4.48,4.72,n.a.,n.a.
World Economic Outlook,Annual percent change,W522NGDP_R%,CAMBODIA,"Gross domestic product, constant prices",n.a.,n.a.,n.a.,n.a.,n.a.,n.a.,n.a.,n.a.,n.a.,n.a.,n.a.,n.a.,n.a.,n.a.,n.a.,n.a.,n.a.,0.00,9.90,3.50,0.52,9.11,4.84,7.46,7.04,7.67,6.99,0.98,1.00,4.01,n.a.,n.a.
World Economic Outlook,Annual percent change,W622NGDP_R%,CAMEROON,"Gross domestic product, constant prices",7.87,-8.22,17.07,1.46,4.45,5.15,1.92,5.67,5.00,5.99,9.90,17.05,7.56,6.84,7.47,8.11,6.79,-2.15,-7.86,-1.77,-6.16,-3.76,-3.05,-3.16,-2.49,3.30,5.00,5.10,5.05,4.40,4.20,5.34
World Economic Outlook,Annual percent change,W156NGDP_R%,CANADA,"Gross domestic product, constant prices",2.59,5.76,5.73,7.71,4.40,2.22,5.49,3.46,4.08,4.20,1.38,3.05,-2.94,2.75,5.67,5.40,2.64,4.10,4.86,2.54,0.27,-1.87,0.91,2.30,4.73,2.77,1.70,3.95,3.10,4.19,3.74,2.68
World Economic Outlook,Annual percent change,W624NGDP_R%,CAPE VERDE,"Gross domestic product, constant prices",3.80,5.37,2.32,1.60,2.36,-16.90,2.08,-4.98,9.67,3.20,5.26,5.63,-1.21,-0.07,-0.16,3.53,10.10,2.56,6.72,4.47,-5.13,-34.06,-18.39,87.87,12.67,2.23,2.62,6.62,8.02,8.00,n.a.,n.a.
World Economic Outlook,Annual percent change,W626NGDP_R%,CENTRAL AFRICAN REP.,"Gross domestic product, constant prices",2.03,1.84,1.35,1.86,6.20,0.34,4.99,5.67,4.44,2.48,-3.00,12.95,-3.57,-6.03,9.91,3.73,9.00,-4.25,1.87,1.12,-2.88,-0.55,-6.42,0.34,4.89,6.00,-3.22,5.73,4.85,3.06,n.a.,n.a.
World Economic Outlook,Annual percent change,W628NGDP_R%,CHAD,"Gross domestic product, constant prices",9.76,4.28,2.21,7.32,3.04,6.58,0.29,1.54,-0.49,-21.43,-6.01,-5.10,5.38,15.66,5.26,7.90,5.97,3.65,7.54,1.95,3.20,10.40,2.39,-2.07,5.67,1.11,3.66,4.08,8.09,-1.14,n.a.,n.a.
World Economic Outlook,Annual percent change,W228NGDP_R%,CHILE,"Gross domestic product, constant prices",1.37,8.96,-1.21,-5.57,0.97,-12.91,3.52,9.86,8.22,8.28,7.78,6.68,-13.42,-3.49,6.09,3.48,5.60,6.59,7.31,10.56,3.70,7.97,12.28,6.99,5.71,10.63,7.41,7.57,3.41,-1.00,6.00,6.50
World Economic Outlook,Annual percent change,W924NGDP_R%,"CHINA,P.R.: MAINLAND","Gross domestic product, constant prices",16.19,6.90,4.60,12.81,4.00,6.81,-2.68,8.00,7.68,6.96,7.91,4.40,8.56,10.46,15.20,13.50,8.80,11.60,11.30,4.10,3.80,9.20,14.20,13.50,12.60,10.50,9.60,8.80,7.80,7.10,7.00,6.50
World Economic Outlook,Annual percent change,W532NGDP_R%,"CHINA,P.R.:HONG KONG","Gross domestic product, constant prices",9.40,7.30,11.00,12.70,2.20,0.20,17.10,12.50,9.50,11.65,10.92,9.48,2.77,5.68,9.97,0.40,10.69,12.96,7.97,2.56,3.50,5.06,6.26,6.13,5.40,3.89,4.49,4.97,-5.13,2.91,6.05,4.74
World Economic Outlook,Annual percent change,W233NGDP_R%,COLOMBIA,"Gross domestic product, constant prices",9.30,5.96,7.67,6.72,5.75,2.32,4.73,4.16,8.85,4.91,4.43,2.43,0.95,1.57,3.35,3.11,5.82,5.37,4.06,3.41,4.28,2.00,4.04,5.38,5.83,5.20,2.06,3.24,0.44,-5.01,3.01,4.81
World Economic Outlook,Annual percent change,W632NGDP_R%,COMOROS,"Gross domestic product, constant prices",9.76,4.28,2.21,7.32,3.04,6.58,0.29,3.97,3.04,9.57,7.38,5.50,4.10,3.10,4.20,0.79,0.16,1.64,2.69,-3.18,5.09,-5.40,8.53,3.01,-5.28,-3.87,-0.44,0.00,0.00,1.00,n.a.,n.a.
World Economic Outlook,Annual percent change,W636NGDP_R%,"CONGO, DEM. REP. OF","Gross domestic product, constant prices",9.63,6.00,0.15,8.14,3.13,-5.04,-5.25,0.76,-5.30,0.30,2.41,0.94,-0.45,1.41,4.84,0.46,4.72,2.67,0.46,-1.26,-6.57,-8.42,-10.47,-13.53,-3.87,0.70,0.90,-6.40,-3.50,-15.00,n.a.,n.a.
World Economic Outlook,Annual percent change,W634NGDP_R%,"CONGO, REPUBLIC OF","Gross domestic product, constant prices",3.78,5.61,5.11,6.25,15.15,-3.28,-0.13,-5.33,7.41,11.26,12.68,31.51,14.94,5.61,7.22,-1.15,-6.88,0.18,1.77,2.86,0.92,2.40,2.61,-0.98,-5.49,3.99,6.34,-2.75,3.64,-1.63,n.a.,n.a.
World Economic Outlook,Annual percent change,W238NGDP_R%,COSTA RICA,"Gross domestic product, constant prices",7.50,6.78,8.18,7.71,5.54,2.10,5.52,8.90,6.27,4.90,0.80,0.80,-6.99,2.86,8.02,0.72,5.54,4.76,3.43,5.67,3.55,2.27,7.74,6.34,4.47,2.38,-0.56,3.72,6.18,5.00,n.a.,n.a.
World Economic Outlook,Annual percent change,W662NGDP_R%,COTE D IVOIRE,"Gross domestic product, constant prices",5.88,6.40,4.67,3.93,5.66,9.22,11.99,4.71,9.90,1.99,5.20,3.50,0.20,-2.50,-2.00,3.62,4.68,-0.35,1.14,2.95,-1.09,0.04,-0.25,-0.18,1.97,7.08,6.76,5.95,4.50,4.34,4.81,5.03
World Economic Outlook,Annual percent change,W960NGDP_R%,CROATIA,"Gross domestic product, constant prices",n.a.,n.a.,n.a.,n.a.,n.a.,n.a.,n.a.,n.a.,n.a.,n.a.,n.a.,n.a.,n.a.,n.a.,n.a.,n.a.,n.a.,n.a.,n.a.,n.a.,n.a.,n.a.,n.a.,-8.03,5.87,6.83,6.00,6.50,2.30,-2.00,n.a.,n.a.
World Economic Outlook,Annual percent change,W423NGDP_R%,CYPRUS,"Gross domestic product, constant prices",3.08,12.73,6.77,3.63,-16.91,-19.01,16.85,15.77,7.77,9.91,5.75,2.52,6.02,5.58,8.77,4.73,3.81,7.04,8.32,7.84,7.42,0.52,9.59,0.67,5.87,6.10,1.90,2.50,5.00,4.51,n.a.,n.a.
World Economic Outlook,Annual percent change,W935NGDP_R%,CZECH REPUBLIC,"Gross domestic product, constant prices",n.a.,n.a.,n.a.,n.a.,n.a.,n.a.,n.a.,n.a.,n.a.,n.a.,n.a.,n.a.,n.a.,n.a.,n.a.,n.a.,n.a.,n.a.,n.a.,n.a.,n.a.,n.a.,n.a.,0.57,2.70,6.43,3.82,0.32,-2.33,-0.50,n.a.,n.a.
World Economic Outlook,Annual percent change,W128NGDP_R%,DENMARK,"Gross domestic product, constant prices",2.27,2.70,5.26,3.61,-0.92,-0.66,6.45,1.62,1.47,3.54,-0.44,-0.89,3.02,2.52,4.39,4.29,3.64,0.29,1.16,0.26,1.21,1.39,1.28,0.84,5.75,3.69,2.85,3.13,2.69,1.33,1.72,2.10
World Economic Outlook,Annual percent change,W611NGDP_R%,DJIBOUTI,"Gross domestic product, constant prices",6.22,10.52,-3.54,18.38,0.00,4.25,8.46,-12.72,5.70,4.00,3.40,2.90,1.69,1.24,0.56,-0.20,-1.19,0.49,1.20,-2.60,-0.60,0.50,-0.20,-3.90,-2.90,-3.60,-3.70,0.70,0.80,1.30,n.a.,n.a.
World Economic Outlook,Annual percent change,W321NGDP_R%,DOMINICA,"Gross domestic product, constant prices",4.39,7.34,7.48,8.30,6.77,2.90,4.86,3.43,12.50,-16.98,28.63,12.09,4.36,3.19,5.43,1.28,7.08,7.52,8.56,-0.24,5.25,0.67,2.12,1.70,1.40,2.30,2.10,0.60,4.80,3.50,n.a.,n.a.
World Economic Outlook,Annual percent change,W243NGDP_R%,DOMINICAN REPUBLIC,"Gross domestic product, constant prices",8.52,10.87,10.39,12.90,6.00,5.19,6.73,4.98,2.04,4.75,6.06,4.06,1.72,4.63,1.25,-2.12,3.61,10.03,2.16,4.81,-5.83,0.97,8.02,3.02,4.34,4.81,7.27,8.15,7.26,8.30,6.50,6.00
World Economic Outlook,Annual percent change,W248NGDP_R%,ECUADOR,"Gross domestic product, constant prices",6.46,6.26,14.42,22.84,6.36,5.59,9.29,6.54,6.54,5.31,4.90,3.93,1.24,-2.83,4.17,4.39,3.10,-5.90,10.36,0.28,3.01,5.00,3.60,2.00,4.35,2.40,1.90,3.50,0.40,-7.00,1.50,4.00
World Economic Outlook,Annual percent change,W469NGDP_R%,EGYPT,"Gross domestic product, constant prices",1.80,4.91,3.90,-1.30,5.10,14.30,7.18,9.12,8.60,2.29,3.35,2.21,7.31,8.90,8.00,7.40,4.80,9.75,4.03,2.95,2.41,2.13,0.33,0.50,2.90,3.20,4.30,4.95,5.30,6.00,5.63,5.03
World Economic Outlook,Annual percent change,W253NGDP_R%,EL SALVADOR,"Gross domestic product, constant prices",2.98,4.81,5.46,5.06,6.42,5.56,3.97,6.07,6.40,-1.91,-8.62,-8.30,-5.59,0.77,2.26,2.01,0.63,2.42,2.07,0.87,4.89,3.56,7.41,7.39,6.00,6.40,1.80,4.26,3.16,1.97,n.a.,n.a.
World Economic Outlook,Annual percent change,W642NGDP_R%,EQUATORIAL GUINEA,"Gross domestic product, constant prices",9.76,4.28,2.21,7.32,3.04,6.58,0.29,7.32,-5.00,-4.99,4.84,5.77,2.20,5.00,1.01,1.99,-2.33,4.44,2.66,-1.23,3.26,-1.14,10.70,6.30,5.11,14.26,29.14,71.19,21.96,15.10,n.a.,n.a.
World Economic Outlook,Annual percent change,W643NGDP_R%,ERITREA,"Gross domestic product, constant prices",n.a.,n.a.,n.a.,n.a.,n.a.,n.a.,n.a.,n.a.,n.a.,n.a.,n.a.,n.a.,n.a.,n.a.,n.a.,n.a.,n.a.,n.a.,n.a.,n.a.,n.a.,n.a.,n.a.,-2.54,9.80,2.95,6.75,7.87,3.90,2.95,n.a.,n.a.
World Economic Outlook,Annual percent change,W939NGDP_R%,ESTONIA,"Gross domestic product, constant prices",n.a.,n.a.,n.a.,n.a.,n.a.,n.a.,n.a.,n.a.,n.a.,n.a.,n.a.,n.a.,n.a.,n.a.,n.a.,n.a.,n.a.,n.a.,n.a.,n.a.,n.a.,-7.91,-21.64,-8.20,-2.00,4.30,3.90,10.60,4.00,-1.30,4.00,6.00
World Economic Outlook,Annual percent change,W644NGDP_R%,ETHIOPIA,"Gross domestic product, constant prices",3.60,4.49,4.77,2.70,1.44,0.10,2.31,0.60,-1.13,7.24,4.00,0.12,0.78,7.40,-2.92,-11.48,9.60,14.09,0.42,1.14,2.63,-4.78,-5.22,13.36,3.49,6.13,10.90,5.89,-1.04,5.69,n.a.,n.a.
World Economic Outlook,Annual percent change,W819NGDP_R%,FIJI,"Gross domestic product, constant prices",12.71,6.86,7.50,11.61,2.54,-0.05,1.77,-3.47,1.94,12.29,-1.69,6.00,-1.09,-4.21,10.11,-3.77,6.60,-7.19,3.46,13.88,3.18,1.45,4.81,3.48,4.15,2.39,3.27,3.62,4.01,4.52,n.a.,n.a.
World Economic Outlook,Annual percent change,W172NGDP_R%,FINLAND,"Gross domestic product, constant prices",7.83,2.09,7.62,6.72,3.03,1.15,0.27,0.19,2.56,7.41,5.62,1.85,3.25,2.70,3.02,3.37,2.37,4.10,4.90,5.67,1.52,-6.26,-3.32,-1.15,3.95,3.81,4.01,6.29,5.04,3.59,4.11,3.50
World Economic Outlook,Annual percent change,W132NGDP_R%,FRANCE,"Gross domestic product, constant prices",5.73,4.78,4.43,5.44,3.11,-0.28,4.24,3.22,3.35,3.24,1.62,1.22,2.63,1.49,1.65,1.45,2.41,2.53,4.61,4.17,2.61,1.00,1.49,-0.89,2.07,1.78,1.10,1.97,3.43,2.74,3.49,3.11
World Economic Outlook,Annual percent change,W646NGDP_R%,GABON,"Gross domestic product, constant prices",5.75,4.97,8.39,7.04,6.65,6.90,39.40,-20.70,-27.50,-0.70,0.00,-4.00,4.10,2.00,4.90,5.80,-2.10,-15.40,3.50,15.43,5.18,6.12,-3.26,2.39,3.44,6.97,5.06,5.29,2.12,-5.76,n.a.,n.a.
World Economic Outlook,Annual percent change,W648NGDP_R%,"GAMBIA, THE","Gross domestic product, constant prices",-8.74,10.98,6.99,12.72,9.87,4.61,10.32,12.81,-5.35,18.80,0.71,-9.52,20.76,13.52,-7.62,3.65,2.36,2.80,1.70,4.33,5.70,2.16,4.42,6.13,3.83,-3.40,5.32,0.76,9.89,4.17,n.a.,n.a.
World Economic Outlook,Annual percent change,W915NGDP_R%,GEORGIA,"Gross domestic product, constant prices",n.a.,n.a.,n.a.,n.a.,n.a.,n.a.,n.a.,n.a.,n.a.,n.a.,n.a.,n.a.,n.a.,n.a.,n.a.,n.a.,n.a.,n.a.,n.a.,n.a.,n.a.,-21.10,-44.90,-29.30,-10.40,2.60,10.49,10.80,2.90,3.00,4.00,5.00
World Economic Outlook,Annual percent change,W134NGDP_R%,GERMANY,"Gross domestic product, constant prices",5.04,3.06,4.25,4.76,0.20,-1.25,5.32,2.85,3.00,4.22,0.98,0.10,-0.94,1.76,2.81,2.03,2.35,1.48,3.72,3.62,5.74,5.01,2.24,-1.09,2.35,1.73,0.76,1.45,2.15,1.46,2.79,3.26
World Economic Outlook,Annual percent change,W652NGDP_R%,GHANA,"Gross domestic product, constant prices",6.76,1.93,-2.92,2.85,10.12,-11.86,-3.54,2.28,8.48,-2.51,0.45,-2.08,-7.65,-0.43,2.99,5.36,4.79,4.99,5.56,5.09,3.36,5.35,3.87,5.02,3.78,4.50,3.52,4.20,4.55,5.50,6.00,6.00
World Economic Outlook,Annual percent change,W174NGDP_R%,GREECE,"Gross domestic product, constant prices",7.95,7.13,8.87,7.31,-3.64,6.07,6.35,3.44,6.68,3.70,1.74,0.06,-0.53,0.78,2.75,3.12,1.62,-0.46,5.36,3.80,0.00,3.10,0.70,-1.60,2.00,2.10,2.40,3.40,3.70,3.50,3.56,3.08
World Economic Outlook,Annual percent change,W328NGDP_R%,GRENADA,"Gross domestic product, constant prices",4.39,7.34,7.48,8.30,6.77,2.90,9.03,5.70,8.12,2.39,-0.53,1.49,4.29,7.05,6.65,7.18,3.50,7.74,6.85,5.80,5.20,3.60,1.10,-1.20,3.30,3.10,2.86,4.20,5.80,6.15,n.a.,n.a.
World Economic Outlook,Annual percent change,W258NGDP_R%,GUATEMALA,"Gross domestic product, constant prices",5.71,5.58,7.33,6.78,6.38,1.95,7.39,7.81,5.00,4.71,3.70,0.64,-3.54,-2.53,0.51,-0.60,0.10,3.58,3.89,3.94,3.10,3.66,4.84,3.93,4.03,4.95,2.95,4.37,5.15,3.29,3.00,3.00
World Economic Outlook,Annual percent change,W656NGDP_R%,GUINEA,"Gross domestic product, constant prices",3.80,5.37,2.32,1.57,5.25,2.88,7.92,-3.35,6.80,-1.21,2.60,0.60,1.80,1.30,1.40,5.00,3.11,3.30,6.31,4.00,4.34,2.61,3.00,4.70,4.00,4.41,4.60,4.84,4.48,3.75,n.a.,n.a.
World Economic Outlook,Annual percent change,W654NGDP_R%,GUINEA-BISSAU,"Gross domestic product, constant prices",3.80,5.37,2.31,1.58,5.68,5.37,4.90,-7.20,37.00,-1.52,15.98,-0.50,4.20,-3.40,5.50,4.30,-1.00,5.60,1.96,2.93,4.58,5.10,1.05,2.05,3.15,4.41,4.60,5.36,-28.07,8.66,n.a.,n.a.
World Economic Outlook,Annual percent change,W336NGDP_R%,GUYANA,"Gross domestic product, constant prices",3.42,2.82,-1.97,1.72,6.99,10.42,2.93,-4.78,-2.80,-1.60,1.60,-0.30,-10.60,-9.30,2.10,2.00,-0.90,0.90,-0.27,-4.94,-3.04,6.00,7.82,8.18,8.53,5.03,7.93,6.20,-1.50,1.80,n.a.,n.a.
World Economic Outlook,Annual percent change,W263NGDP_R%,HAITI,"Gross domestic product, constant prices",0.65,6.48,0.92,4.78,5.81,1.10,8.44,0.48,4.87,7.60,7.34,-3.03,-3.72,0.22,0.64,0.89,-0.18,-0.75,0.58,0.53,0.18,4.75,-13.19,-2.43,-8.28,4.44,2.69,1.15,3.00,2.00,n.a.,n.a.
World Economic Outlook,Annual percent change,W268NGDP_R%,HONDURAS,"Gross domestic product, constant prices",6.24,2.35,6.22,4.67,-0.13,-3.00,10.50,10.38,8.30,6.30,0.73,2.54,-1.34,-0.94,4.35,4.17,0.72,6.07,4.54,4.33,0.10,3.25,5.62,6.23,-1.37,4.30,3.70,4.90,5.00,5.00,n.a.,n.a.
World Economic Outlook,Annual percent change,W944NGDP_R%,HUNGARY,"Gross domestic product, constant prices",15.98,6.23,6.13,6.86,5.87,6.20,3.57,7.64,4.45,2.68,0.21,2.87,2.84,0.72,2.66,-0.25,1.53,4.05,-0.07,0.74,-3.50,-11.89,-3.06,-0.58,2.90,1.54,1.34,4.58,4.90,4.10,4.50,4.60
World Economic Outlook,Annual percent change,W176NGDP_R%,ICELAND,"Gross domestic product, constant prices",7.60,13.07,5.78,5.78,6.32,0.91,6.08,8.91,6.97,8.86,5.75,4.26,2.15,-2.15,4.13,3.29,6.27,8.55,-0.09,0.26,1.17,1.10,-3.35,0.99,3.65,1.03,5.58,5.35,5.12,5.56,4.73,3.47
World Economic Outlook,Annual percent change,W534NGDP_R%,INDIA,"Gross domestic product, constant prices",5.78,2.32,-0.72,3.59,0.16,9.75,1.54,5.86,5.93,-2.50,3.59,6.55,4.44,6.54,4.57,5.03,5.01,4.79,8.68,7.35,5.89,1.67,4.18,4.98,6.74,7.58,7.12,5.84,4.71,6.76,6.33,6.06
World Economic Outlook,Annual percent change,W536NGDP_R%,INDONESIA,"Gross domestic product, constant prices",6.49,7.00,9.42,11.31,7.63,4.98,6.89,8.90,8.51,5.46,7.91,7.37,-0.33,3.36,6.74,2.47,5.95,4.90,5.78,9.08,9.00,8.93,7.22,7.25,7.54,8.22,7.98,4.54,-13.20,0.23,2.99,3.53
World Economic Outlook,Annual percent change,W429NGDP_R%,"IRAN, I.R. OF","Gross domestic product, constant prices",9.37,12.58,16.88,11.75,7.80,2.90,10.66,3.62,-3.34,-18.45,-14.93,7.89,14.40,10.30,3.33,4.19,-9.35,-2.18,-9.74,4.46,11.24,10.60,6.14,2.10,0.89,2.88,5.52,2.96,1.91,2.60,5.00,5.00
World Economic Outlook,Annual percent change,W178NGDP_R%,IRELAND,"Gross domestic product, constant prices",3.30,4.55,6.27,6.44,3.14,-5.16,1.35,8.12,7.13,3.05,2.48,2.96,1.22,-0.41,3.53,2.88,3.71,4.08,4.05,6.10,7.75,1.86,3.30,2.64,5.76,9.50,7.73,10.70,8.93,8.41,7.40,7.20
World Economic Outlook,Annual percent change,W436NGDP_R%,ISRAEL,"Gross domestic product, constant prices",8.00,11.11,11.90,5.11,4.05,3.50,1.42,1.02,3.66,4.84,3.17,4.28,1.01,2.64,2.28,4.44,3.56,6.24,3.49,1.36,5.73,5.68,6.84,3.39,6.92,6.82,4.72,2.66,1.96,2.21,3.84,3.54
World Economic Outlook,Annual percent change,W136NGDP_R%,ITALY,"Gross domestic product, constant prices",5.31,1.60,2.70,7.11,5.43,-2.65,6.58,3.38,3.68,5.99,4.24,0.55,-0.07,1.24,2.76,2.97,2.53,2.98,3.95,2.87,1.97,1.39,0.76,-0.88,2.21,2.92,1.09,1.82,1.53,1.42,2.70,2.80
World Economic Outlook,Annual percent change,W343NGDP_R%,JAMAICA,"Gross domestic product, constant prices",11.90,3.14,9.25,1.44,-4.62,1.51,-4.75,-0.60,2.37,-0.03,-4.04,4.42,3.08,4.15,0.95,-0.90,7.00,7.70,-3.99,4.70,4.10,0.80,1.80,1.30,1.00,0.20,-1.60,-1.70,-0.50,0.40,n.a.,n.a.
World Economic Outlook,Annual percent change,W158NGDP_R%,JAPAN,"Gross domestic product, constant prices",10.28,4.39,8.41,8.03,-1.23,3.09,3.97,4.39,5.27,5.48,2.82,3.17,3.06,2.32,3.92,4.40,2.90,4.16,6.19,4.83,5.08,3.80,1.02,0.31,0.64,1.47,5.05,1.59,-2.51,0.27,0.86,1.76
World Economic Outlook,Annual percent change,W439NGDP_R%,JORDAN,"Gross domestic product, constant prices",-10.18,1.46,3.80,-5.40,-5.19,12.64,21.22,6.41,10.70,3.50,16.24,4.71,5.60,2.50,1.40,6.10,7.70,2.60,0.30,-13.45,7.11,2.30,17.00,5.84,7.63,3.87,1.01,1.31,2.16,1.98,2.53,3.49
World Economic Outlook,Annual percent change,W916NGDP_R%,KAZAKHSTAN,"Gross domestic product, constant prices",n.a.,n.a.,n.a.,n.a.,n.a.,n.a.,n.a.,n.a.,n.a.,n.a.,n.a.,n.a.,n.a.,n.a.,n.a.,n.a.,n.a.,n.a.,n.a.,n.a.,n.a.,-11.00,-5.30,-9.20,-12.60,-8.20,0.50,1.70,-2.50,1.70,3.00,3.50
World Economic Outlook,Annual percent change,W664NGDP_R%,KENYA,"Gross domestic product, constant prices",7.38,6.85,16.12,5.94,2.14,1.47,4.57,10.11,7.97,5.45,5.57,4.10,2.15,1.78,1.79,4.29,7.14,5.94,6.20,4.69,4.67,1.44,-0.80,0.35,2.63,4.43,4.14,2.10,2.08,1.83,2.25,3.31
World Economic Outlook,Annual percent change,W826NGDP_R%,KIRIBATI,"Gross domestic product, constant prices",0.00,0.00,0.00,0.00,0.00,0.00,0.00,0.00,0.00,0.00,-44.44,-3.48,6.79,-0.71,5.02,-6.61,-1.22,-9.12,18.24,-8.56,2.13,6.92,-1.61,0.80,7.21,6.48,2.60,3.29,6.10,2.50,n.a.,n.a.
World Economic Outlook,Annual percent change,W542NGDP_R%,KOREA,"Gross domestic product, constant prices",8.76,8.49,4.82,12.80,8.07,6.64,11.76,10.01,9.01,7.06,-2.09,6.47,7.25,10.70,8.25,6.47,10.97,10.99,10.46,6.08,8.98,9.23,5.44,5.49,8.25,8.92,6.75,5.01,-6.69,10.66,6.99,6.49
World Economic Outlook,Annual percent change,W443NGDP_R%,KUWAIT,"Gross domestic product, constant prices",11.75,7.90,5.62,-2.88,-6.52,-1.72,11.72,3.46,5.91,8.24,-20.36,-18.92,-11.75,7.94,5.24,-4.26,8.57,8.14,-10.05,25.89,-26.23,-41.00,77.37,34.23,8.41,1.20,1.20,2.30,2.00,-2.40,0.80,2.00
World Economic Outlook,Annual percent change,W917NGDP_R%,KYRGYZ REPUBLIC,"Gross domestic product, constant prices",n.a.,n.a.,n.a.,n.a.,n.a.,n.a.,n.a.,n.a.,n.a.,n.a.,n.a.,n.a.,n.a.,n.a.,n.a.,n.a.,n.a.,n.a.,n.a.,n.a.,n.a.,-7.85,-13.88,-15.46,-20.09,-5.42,7.08,9.93,2.30,2.19,2.41,3.15
World Economic Outlook,Annual percent change,W544NGDP_R%,LAO PEOPLE'S DEM.REP,"Gross domestic product, constant prices",9.77,4.99,3.45,8.73,3.64,6.67,2.96,-1.99,1.00,-2.00,10.00,15.33,4.71,3.00,6.44,9.12,4.83,-0.96,-2.10,9.89,6.69,3.99,7.01,5.87,8.15,7.05,6.88,6.53,5.00,6.50,n.a.,n.a.
World Economic Outlook,Annual percent change,W941NGDP_R%,LATVIA,"Gross domestic product, constant prices",n.a.,n.a.,n.a.,n.a.,n.a.,n.a.,n.a.,n.a.,n.a.,n.a.,n.a.,n.a.,n.a.,n.a.,n.a.,n.a.,n.a.,n.a.,n.a.,n.a.,n.a.,-11.10,-35.20,-16.12,2.11,0.33,3.30,6.50,3.60,0.80,4.00,6.00
World Economic Outlook,Annual percent change,W446NGDP_R%,LEBANON,"Gross domestic product, constant prices",6.59,9.23,12.15,4.71,2.40,-30.30,-56.99,67.70,-2.60,2.39,1.47,0.55,-36.79,22.71,44.48,24.30,-6.77,16.73,-28.21,-42.20,-13.42,38.20,4.50,7.00,8.00,6.50,4.00,4.00,3.00,0.00,n.a.,n.a.
World Economic Outlook,Annual percent change,W666NGDP_R%,LESOTHO,"Gross domestic product, constant prices",9.90,7.51,4.87,4.61,6.27,2.09,5.63,-30.43,24.65,-6.41,4.35,1.32,0.98,0.74,8.74,3.66,1.62,5.67,10.86,7.45,5.57,4.07,4.57,3.69,3.71,5.93,9.44,4.58,-3.80,0.50,n.a.,n.a.
World Economic Outlook,Annual percent change,W672NGDP_R%,LIBYA,"Gross domestic product, constant prices",3.86,-5.27,9.11,1.95,22.20,4.03,22.65,8.88,3.87,4.22,-3.81,-12.96,-8.91,3.60,3.59,1.03,-4.44,-1.13,5.96,-1.14,3.45,4.72,-4.20,-4.60,-2.20,-1.60,1.20,1.30,-3.00,2.00,n.a.,n.a.
World Economic Outlook,Annual percent change,W946NGDP_R%,LITHUANIA,"Gross domestic product, constant prices",n.a.,n.a.,n.a.,n.a.,n.a.,n.a.,n.a.,n.a.,n.a.,n.a.,n.a.,n.a.,n.a.,n.a.,n.a.,n.a.,n.a.,n.a.,n.a.,n.a.,n.a.,-5.70,-21.30,-16.20,-9.77,3.29,4.71,7.30,5.10,-3.30,2.10,4.00
World Economic Outlook,Annual percent change,W137NGDP_R%,LUXEMBOURG,"Gross domestic product, constant prices",7.60,3.54,5.47,5.64,4.30,-1.53,5.79,0.35,5.45,4.90,4.21,0.80,1.04,1.89,4.73,3.16,7.53,3.75,10.20,9.85,3.39,5.35,5.82,8.49,4.08,3.50,2.89,7.26,5.02,5.24,5.10,4.99
World Economic Outlook,Annual percent change,W962NGDP_R%,"MACEDONIA, FYR","Gross domestic product, constant prices",n.a.,n.a.,n.a.,n.a.,n.a.,n.a.,n.a.,n.a.,n.a.,n.a.,n.a.,n.a.,n.a.,n.a.,n.a.,n.a.,n.a.,n.a.,n.a.,n.a.,n.a.,n.a.,n.a.,-7.50,-1.80,-1.10,1.20,1.40,2.90,2.50,n.a.,n.a.
World Economic Outlook,Annual percent change,W674NGDP_R%,MADAGASCAR,"Gross domestic product, constant prices",4.14,2.19,-3.21,-2.02,1.62,1.29,-3.99,2.38,-2.47,9.92,0.79,-9.80,-1.90,0.90,1.70,1.20,1.97,1.19,3.39,4.08,3.14,-6.31,1.18,2.10,-0.04,1.68,2.15,3.70,3.90,4.50,n.a.,n.a.
World Economic Outlook,Annual percent change,W676NGDP_R%,MALAWI,"Gross domestic product, constant prices",1.50,14.36,0.17,1.61,7.44,5.53,6.22,4.34,9.73,4.37,0.39,-5.24,2.52,3.69,5.37,4.57,-0.21,1.63,3.18,1.34,5.69,8.73,-7.33,9.69,-10.24,15.45,8.98,4.84,3.07,6.80,n.a.,n.a.
World Economic Outlook,Annual percent change,W548NGDP_R%,MALAYSIA,"Gross domestic product, constant prices",4.95,7.08,9.39,11.70,8.32,0.80,11.56,7.75,6.65,9.35,7.44,6.94,5.94,6.25,7.76,-0.88,1.15,5.39,9.94,9.06,9.01,9.55,8.88,9.90,9.21,9.83,10.00,7.54,-7.50,5.42,6.00,5.80
World Economic Outlook,Annual percent change,W556NGDP_R%,MALDIVES,"Gross domestic product, constant prices",3.84,5.25,2.40,1.56,5.74,-8.01,0.62,-1.40,1.38,7.52,18.80,7.89,7.47,4.41,17.38,13.80,8.60,8.87,8.72,9.29,16.21,7.63,6.29,6.16,6.59,7.15,6.48,6.23,6.00,5.97,n.a.,n.a.
World Economic Outlook,Annual percent change,W678NGDP_R%,MALI,"Gross domestic product, constant prices",13.21,-4.63,-7.18,15.06,-1.82,-0.93,0.93,0.93,3.01,6.17,-1.20,-2.45,6.60,-5.13,1.00,-0.79,8.44,1.19,-0.23,11.76,0.66,-0.93,8.36,-2.36,2.24,6.40,2.08,6.79,3.35,5.25,n.a.,n.a.
World Economic Outlook,Annual percent change,W181NGDP_R%,MALTA,"Gross domestic product, constant prices",12.66,2.46,5.81,9.79,10.03,19.56,17.02,12.20,2.02,10.49,7.05,2.70,0.10,2.60,0.80,2.40,3.80,5.70,6.80,6.74,5.91,5.94,6.73,4.03,4.98,7.28,3.20,3.73,3.05,3.47,n.a.,n.a.
World Economic Outlook,Annual percent change,W867NGDP_R%,MARSHALL ISLANDS,"Gross domestic product, constant prices",n.a.,n.a.,n.a.,n.a.,n.a.,n.a.,n.a.,n.a.,n.a.,n.a.,n.a.,n.a.,n.a.,n.a.,n.a.,n.a.,20.80,15.40,5.10,-1.70,3.20,0.10,0.10,5.37,2.75,-1.85,-13.06,-5.27,-4.30,-1.75,n.a.,n.a.
World Economic Outlook,Annual percent change,W682NGDP_R%,MAURITANIA,"Gross domestic product, constant prices",9.91,7.50,4.89,4.60,6.27,2.07,5.63,-3.63,-4.40,7.70,4.26,3.73,-2.15,4.94,26.67,2.01,5.83,2.90,3.13,2.23,-1.77,2.61,1.70,5.48,4.61,4.50,4.70,4.80,3.50,4.10,n.a.,n.a.
World Economic Outlook,Annual percent change,W684NGDP_R%,MAURITIUS,"Gross domestic product, constant prices",-0.85,4.47,8.03,11.84,8.02,1.26,22.13,6.55,5.05,5.01,2.79,-7.42,5.50,6.06,0.80,5.67,9.16,11.41,8.64,5.66,4.73,6.36,4.78,6.67,4.32,3.51,5.14,5.49,5.59,5.38,n.a.,n.a.
World Economic Outlook,Annual percent change,W273NGDP_R%,MEXICO,"Gross domestic product, constant prices",6.92,4.16,8.49,8.40,6.12,5.74,4.42,3.39,8.96,9.70,9.23,8.77,-0.06,-4.20,3.61,2.59,-3.68,1.74,1.28,4.20,5.07,4.22,3.63,1.95,4.46,-6.22,5.14,6.78,4.81,3.66,4.53,5.33
World Economic Outlook,Annual percent change,W868NGDP_R%,"MICRONESIA, FED.STS.","Gross domestic product, constant prices",n.a.,n.a.,n.a.,n.a.,n.a.,n.a.,n.a.,n.a.,n.a.,n.a.,n.a.,n.a.,n.a.,n.a.,n.a.,n.a.,-0.50,9.50,3.60,-1.70,-2.70,4.30,-1.20,5.70,-0.93,1.31,-0.50,-3.78,-2.81,-2.00,n.a.,n.a.
World Economic Outlook,Annual percent change,W921NGDP_R%,MOLDOVA,"Gross domestic product, constant prices",n.a.,n.a.,n.a.,n.a.,n.a.,n.a.,n.a.,n.a.,n.a.,n.a.,n.a.,n.a.,n.a.,n.a.,n.a.,n.a.,n.a.,n.a.,n.a.,n.a.,n.a.,-17.50,-29.70,-1.20,-31.20,-1.35,-7.83,1.33,-8.59,-5.00,1.99,4.03
World Economic Outlook,Annual percent change,W948NGDP_R%,MONGOLIA,"Gross domestic product, constant prices",8.73,4.69,3.61,8.91,4.22,6.51,3.90,7.78,7.52,4.26,6.44,8.34,8.34,5.76,6.01,5.72,9.37,3.45,8.54,4.20,-5.62,-9.24,-9.50,-3.00,2.30,6.30,2.60,4.00,3.50,3.50,4.25,4.50
World Economic Outlook,Annual percent change,W686NGDP_R%,MOROCCO,"Gross domestic product, constant prices",5.00,5.82,2.10,3.82,14.30,4.33,7.22,6.69,2.62,4.78,3.42,-2.76,9.62,-0.56,4.34,6.33,8.44,-2.67,10.41,2.37,4.03,6.90,-4.03,-1.01,10.36,-6.58,12.12,-2.04,6.32,0.16,5.16,3.27
World Economic Outlook,Annual percent change,W688NGDP_R%,MOZAMBIQUE,"Gross domestic product, constant prices",9.90,7.48,4.88,4.61,6.26,2.08,5.62,-0.18,1.07,3.07,4.68,5.00,-6.90,-15.70,-6.50,1.00,-2.30,14.70,8.20,6.50,1.00,4.90,-8.10,8.70,7.50,4.30,7.10,11.32,11.97,9.74,n.a.,n.a.
World Economic Outlook,Annual percent change,W518NGDP_R%,MYANMAR,"Gross domestic product, constant prices",1.26,2.44,-0.96,2.60,2.66,4.14,6.10,5.95,6.50,5.20,7.93,6.36,5.61,4.43,4.93,2.85,-1.06,-4.01,-11.35,3.69,2.82,-0.65,9.66,5.92,6.81,7.20,7.00,7.00,7.00,7.00,n.a.,n.a.
World Economic Outlook,Annual percent change,W728NGDP_R%,NAMIBIA,"Gross domestic product, constant prices",5.26,5.24,1.97,3.94,7.14,2.24,1.47,0.03,2.87,3.79,6.62,-10.12,-2.77,-2.12,-0.14,-0.60,5.12,3.62,0.45,1.57,-5.44,8.19,7.13,-1.71,6.35,3.71,2.14,2.64,2.38,2.42,n.a.,n.a.
World Economic Outlook,Annual percent change,W558NGDP_R%,NEPAL,"Gross domestic product, constant prices",2.58,-1.20,3.12,-0.48,6.34,0.93,4.40,3.02,0.00,2.40,-2.31,8.30,3.80,-3.00,4.64,-0.70,11.70,7.30,3.86,7.95,4.56,4.60,3.29,8.20,3.47,5.33,4.04,1.86,4.00,5.00,n.a.,n.a.
World Economic Outlook,Annual percent change,W138NGDP_R%,NETHERLANDS,"Gross domestic product, constant prices",5.70,4.20,3.30,4.70,4.00,-0.10,5.10,2.30,2.50,2.40,0.90,-0.50,-1.16,1.71,3.29,3.08,2.75,1.42,2.62,4.68,4.11,2.27,2.03,0.76,3.22,2.26,3.04,3.79,3.66,3.49,3.75,3.37
World Economic Outlook,Annual percent change,W353NGDP_R%,NETHERLANDS ANTILLES,"Gross domestic product, constant prices",6.22,6.48,4.69,4.05,5.48,2.66,6.29,7.10,6.70,4.80,7.00,1.18,-1.85,-0.54,-1.83,-2.10,-5.50,1.20,1.50,7.80,1.50,1.80,3.70,0.30,2.40,0.00,-2.40,3.00,3.00,3.00,n.a.,n.a.
World Economic Outlook,Annual percent change,W196NGDP_R%,NEW ZEALAND,"Gross domestic product, constant prices",4.43,2.74,3.98,7.25,4.19,4.30,-0.57,-2.15,0.72,-3.30,1.68,2.86,2.69,0.11,6.60,1.24,1.77,0.75,-0.31,0.86,-0.25,-1.70,0.87,5.05,5.94,3.97,3.15,2.14,-0.28,2.96,3.88,3.39
World Economic Outlook,Annual percent change,W278NGDP_R%,NICARAGUA,"Gross domestic product, constant prices",1.35,4.93,3.19,6.42,14.19,-0.16,5.21,8.41,-7.85,-26.48,4.61,5.36,-0.82,4.61,-1.57,-4.08,-1.02,-0.71,-12.45,-1.69,-0.13,-0.15,0.40,-0.20,3.30,4.20,4.50,4.50,5.00,5.00,n.a.,n.a.
World Economic Outlook,Annual percent change,W692NGDP_R%,NIGER,"Gross domestic product, constant prices",9.26,-3.40,-7.57,-10.89,6.25,20.50,15.29,3.48,8.33,13.59,4.89,-0.18,2.17,-3.86,-16.82,7.72,6.35,0.09,6.87,0.96,-1.31,2.49,-6.52,1.45,4.00,2.61,3.42,3.30,8.30,2.28,n.a.,n.a.
World Economic Outlook,Annual percent change,W694NGDP_R%,NIGERIA,"Gross domestic product, constant prices",29.79,18.39,7.29,9.52,5.94,0.18,10.77,-6.71,-6.72,2.63,2.87,-8.39,-0.60,-4.94,5.80,10.49,-1.81,-3.99,9.40,8.46,7.48,6.01,2.64,2.20,-0.62,2.59,6.40,3.06,1.91,1.11,3.94,4.45
World Economic Outlook,Annual percent change,W142NGDP_R%,NORWAY,"Gross domestic product, constant prices",1.97,4.43,5.64,3.85,5.09,4.04,6.91,3.60,-4.83,4.32,4.95,0.96,0.17,3.54,5.87,5.22,3.58,2.03,-0.11,0.92,1.97,3.12,3.27,2.73,5.49,3.85,4.90,4.28,2.12,0.78,3.30,2.30
World Economic Outlook,Annual percent change,W449NGDP_R%,OMAN,"Gross domestic product, constant prices",3.32,1.02,9.23,-13.99,28.24,28.59,15.97,-2.36,-6.36,4.11,6.08,17.10,11.50,15.95,13.90,14.52,2.14,-3.99,5.25,2.98,8.38,6.00,8.53,6.14,3.85,4.83,2.89,6.40,2.95,1.13,n.a.,n.a.
World Economic Outlook,Annual percent change,W564NGDP_R%,PAKISTAN,"Gross domestic product, constant prices",-2.40,0.70,0.41,6.92,5.55,4.50,4.61,3.80,6.44,6.84,7.86,6.27,6.65,5.91,5.06,7.58,5.51,6.49,7.59,4.97,4.45,5.45,7.83,1.93,3.88,5.13,5.01,1.23,3.30,3.10,4.00,4.50
World Economic Outlook,Annual percent change,W283NGDP_R%,PANAMA,"Gross domestic product, constant prices",6.96,9.62,4.58,5.36,2.45,1.74,1.66,1.09,9.79,4.51,12.58,9.21,5.35,-4.49,2.71,4.94,3.57,-1.81,-13.38,1.56,8.10,9.42,8.20,5.46,2.85,1.75,2.42,4.42,3.99,4.12,n.a.,n.a.
World Economic Outlook,Annual percent change,W853NGDP_R%,PAPUA NEW GUINEA,"Gross domestic product, constant prices",11.16,10.64,2.47,8.68,3.84,0.88,-1.63,-4.31,6.05,1.82,-2.32,1.53,0.83,3.48,-0.37,3.98,4.71,2.76,2.92,-1.42,-3.00,9.53,11.80,16.60,4.44,-2.92,3.47,-5.36,3.75,6.07,n.a.,n.a.
World Economic Outlook,Annual percent change,W288NGDP_R%,PARAGUAY,"Gross domestic product, constant prices",3.85,5.39,6.49,7.17,8.22,6.33,7.01,14.00,12.20,9.80,12.41,3.27,-0.98,-3.00,3.07,6.86,0.01,4.33,6.36,5.79,3.10,2.47,1.80,4.14,3.09,4.71,1.27,3.48,3.50,4.00,n.a.,n.a.
World Economic Outlook,Annual percent change,W293NGDP_R%,PERU,"Gross domestic product, constant prices",5.85,4.18,2.87,5.38,9.25,3.19,1.76,0.20,0.08,5.59,4.71,5.50,0.03,-11.82,5.11,1.99,10.00,8.40,-8.80,-11.70,-3.21,2.90,-1.60,6.39,13.10,7.34,2.49,6.90,0.30,3.50,4.00,5.95
World Economic Outlook,Annual percent change,W566NGDP_R%,PHILIPPINES,"Gross domestic product, constant prices",4.58,4.92,4.76,9.23,5.00,6.41,8.01,6.15,5.63,6.90,4.98,3.42,3.62,1.87,-7.32,-7.31,3.42,4.31,6.75,6.21,3.04,-0.58,0.34,2.12,4.39,4.68,5.85,5.15,-0.54,3.23,4.50,4.50
World Economic Outlook,Annual percent change,W964NGDP_R%,POLAND,"Gross domestic product, constant prices",6.07,7.42,4.68,4.18,7.11,5.94,7.93,7.09,5.40,3.85,-6.00,-10.00,-4.85,5.60,-0.50,3.86,3.49,2.30,3.29,3.81,-7.17,-7.01,2.60,3.78,5.16,6.96,6.05,6.80,4.75,4.10,5.20,5.50
World Economic Outlook,Annual percent change,W182NGDP_R%,PORTUGAL,"Gross domestic product, constant prices",9.29,6.61,8.04,11.16,1.15,-4.35,6.89,5.60,3.39,6.15,6.72,1.26,2.08,-0.20,-1.82,3.00,4.14,5.15,5.40,5.40,4.76,2.34,1.94,-1.41,2.43,2.95,3.55,3.76,3.93,3.00,3.40,3.10
World Economic Outlook,Annual percent change,W453NGDP_R%,QATAR,"Gross domestic product, constant prices",11.75,10.01,11.08,10.78,5.94,5.88,8.35,-7.31,8.86,5.23,-1.02,-3.89,-8.21,-5.33,15.99,-13.03,3.71,0.90,4.70,5.30,-14.64,-0.79,9.70,-0.58,2.35,2.94,4.82,24.04,12.27,7.59,n.a.,n.a.
World Economic Outlook,Annual percent change,W968NGDP_R%,ROMANIA,"Gross domestic product, constant prices",3.79,5.39,2.30,1.58,5.68,5.36,14.16,4.60,8.00,6.61,3.30,2.71,2.80,4.20,6.91,1.16,2.30,0.84,-0.50,-5.83,-7.70,-12.92,-8.70,1.50,3.90,7.10,3.90,-6.10,-5.40,-3.90,1.30,4.00
World Economic Outlook,Annual percent change,W922NGDP_R%,RUSSIA,"Gross domestic product, constant prices",n.a.,n.a.,n.a.,n.a.,n.a.,n.a.,n.a.,n.a.,n.a.,n.a.,n.a.,n.a.,n.a.,n.a.,n.a.,n.a.,n.a.,n.a.,n.a.,n.a.,n.a.,-5.54,-19.44,-10.41,-11.62,-4.16,-3.39,0.86,-4.49,3.20,1.50,1.39
World Economic Outlook,Annual percent change,W714NGDP_R%,RWANDA,"Gross domestic product, constant prices",10.99,1.24,0.24,3.41,0.71,1.99,1.84,5.19,9.80,9.40,-3.58,2.47,-2.47,6.04,12.97,4.39,5.50,-0.30,0.30,-5.71,0.42,-4.30,6.60,-8.29,-49.52,32.76,15.84,12.83,9.51,5.00,n.a.,n.a.
World Economic Outlook,Annual percent change,W862NGDP_R%,SAMOA,"Gross domestic product, constant prices",6.78,13.21,1.72,7.35,-10.62,-3.96,9.50,-1.01,16.88,10.81,-6.11,-9.03,-1.07,0.54,1.34,241.80,4.79,0.51,2.87,5.82,-6.44,-2.44,4.13,1.68,-0.14,6.82,6.13,1.60,1.25,2.50,n.a.,n.a.
World Economic Outlook,Annual percent change,W716NGDP_R%,SAO TOME & PRINCIPE,"Gross domestic product, constant prices",3.79,5.38,2.30,1.58,5.68,5.38,1.64,23.43,2.89,16.35,-1.08,-10.31,3.09,-3.87,-6.03,9.30,-5.83,-2.93,2.00,3.14,-2.15,1.20,0.70,1.10,2.20,2.00,1.50,1.00,2.50,2.50,n.a.,n.a.
World Economic Outlook,Annual percent change,W456NGDP_R%,SAUDI ARABIA,"Gross domestic product, constant prices",15.29,14.41,15.35,19.74,15.08,0.26,15.10,5.95,6.69,10.12,7.91,1.65,-10.75,-0.11,-2.22,-4.05,5.56,-1.38,7.57,0.18,10.66,8.39,2.79,-0.64,0.51,0.47,1.39,2.67,1.57,-2.35,2.24,2.04
World Economic Outlook,Annual percent change,W722NGDP_R%,SENEGAL,"Gross domestic product, constant prices",8.27,-0.12,6.43,-5.63,3.30,7.76,7.89,0.77,-6.24,9.64,-3.32,-1.81,14.34,1.36,-5.52,2.87,3.95,3.95,5.07,-1.40,3.88,-0.40,2.21,-2.22,2.87,5.16,5.14,5.05,5.66,5.07,n.a.,n.a.
World Economic Outlook,Annual percent change,W718NGDP_R%,SEYCHELLES,"Gross domestic product, constant prices",9.90,7.48,4.88,4.61,6.26,2.08,5.62,7.88,6.72,16.04,-2.25,-3.88,-2.07,-0.62,4.31,10.29,0.76,4.87,5.33,10.29,7.45,2.74,6.86,6.51,-0.80,-0.62,4.70,4.26,2.30,2.00,n.a.,n.a.
World Economic Outlook,Annual percent change,W724NGDP_R%,SIERRA LEONE,"Gross domestic product, constant prices",6.44,13.76,-1.06,3.07,4.02,3.01,-3.04,1.44,1.61,4.00,-0.56,1.88,1.78,-1.58,1.70,-6.74,0.13,2.38,2.06,4.95,1.61,-7.99,-9.65,0.05,3.50,-10.03,5.00,-17.60,-0.80,-8.10,n.a.,n.a.
World Economic Outlook,Annual percent change,W576NGDP_R%,SINGAPORE,"Gross domestic product, constant prices",13.72,12.51,13.43,11.53,6.35,4.09,8.38,7.76,8.59,9.27,9.67,9.59,6.94,8.27,8.34,-1.73,-0.17,9.72,11.63,9.62,8.97,7.11,6.57,12.75,11.38,7.98,7.54,8.39,0.40,5.35,5.91,5.98
World Economic Outlook,Annual percent change,W936NGDP_R%,SLOVAK REPUBLIC,"Gross domestic product, constant prices",n.a.,n.a.,n.a.,n.a.,n.a.,n.a.,n.a.,n.a.,n.a.,n.a.,n.a.,n.a.,n.a.,n.a.,n.a.,n.a.,n.a.,n.a.,n.a.,n.a.,n.a.,n.a.,n.a.,-3.70,4.90,6.90,6.60,6.54,4.38,1.00,n.a.,n.a.
World Economic Outlook,Annual percent change,W961NGDP_R%,SLOVENIA,"Gross domestic product, constant prices",n.a.,n.a.,n.a.,n.a.,n.a.,n.a.,n.a.,n.a.,n.a.,n.a.,n.a.,n.a.,n.a.,n.a.,n.a.,n.a.,n.a.,n.a.,n.a.,n.a.,n.a.,n.a.,n.a.,2.80,5.33,4.10,3.50,4.60,3.90,3.80,n.a.,n.a.
World Economic Outlook,Annual percent change,W813NGDP_R%,SOLOMON ISLANDS,"Gross domestic product, constant prices",3.90,5.43,2.18,1.55,5.72,-10.70,14.59,7.37,7.12,18.07,-2.66,-1.80,-1.67,3.89,0.17,-3.13,-0.20,8.42,1.25,4.26,1.00,3.00,9.50,2.02,5.21,7.68,0.55,-0.50,1.00,4.00,n.a.,n.a.
World Economic Outlook,Annual percent change,W199NGDP_R%,SOUTH AFRICA,"Gross domestic product, constant prices",5.26,5.24,1.97,3.94,7.14,2.24,1.47,0.03,2.87,3.79,6.62,5.36,-0.38,-1.85,5.10,-1.21,0.02,2.10,4.20,2.39,-0.32,-1.02,-2.14,1.23,3.23,3.12,4.15,2.52,0.63,1.23,3.79,4.00
World Economic Outlook,Annual percent change,W184NGDP_R%,SPAIN,"Gross domestic product, constant prices",4.08,5.00,8.10,7.90,5.70,1.10,3.00,3.30,1.83,0.20,1.22,-0.27,1.26,2.22,1.47,2.61,3.20,5.64,5.16,4.74,3.74,2.27,0.69,-1.20,2.30,2.69,2.45,3.84,3.96,3.75,3.70,3.40
World Economic Outlook,Annual percent change,W524NGDP_R%,SRI LANKA,"Gross domestic product, constant prices",15.82,-0.06,7.83,3.52,3.95,4.69,4.44,3.82,6.20,6.08,5.44,5.80,5.10,5.05,5.10,5.00,4.36,1.50,2.70,2.30,6.20,4.60,4.30,6.90,5.60,5.50,3.80,6.45,4.70,4.00,n.a.,n.a.
World Economic Outlook,Annual percent change,W361NGDP_R%,ST. KITTS AND NEVIS,"Gross domestic product, constant prices",5.88,6.40,4.67,3.93,5.66,2.70,5.95,6.05,2.19,7.56,1.26,5.11,6.28,-1.11,9.02,5.59,6.16,7.41,9.79,6.72,3.01,3.90,3.49,5.00,5.50,3.70,6.10,6.60,3.60,2.00,n.a.,n.a.
World Economic Outlook,Annual percent change,W362NGDP_R%,ST. LUCIA,"Gross domestic product, constant prices",3.79,5.37,2.32,1.58,5.69,4.43,18.85,9.00,10.51,5.74,-0.51,4.78,2.15,4.24,6.66,9.07,14.87,1.94,12.16,9.07,4.07,2.34,7.06,2.04,2.15,4.10,1.40,2.11,2.88,3.15,n.a.,n.a.
World Economic Outlook,Annual percent change,W364NGDP_R%,ST. VINCENT & GRENS.,"Gross domestic product, constant prices",3.78,5.37,2.30,1.77,5.85,5.22,10.35,3.49,11.14,4.68,3.43,5.15,7.45,6.26,4.98,5.83,7.19,6.29,8.91,6.52,5.00,0.62,7.50,0.16,-2.43,7.60,1.62,2.07,4.00,4.20,n.a.,n.a.
World Economic Outlook,Annual percent change,W732NGDP_R%,SUDAN,"Gross domestic product, constant prices",-3.95,4.98,4.76,-7.08,12.53,6.48,15.75,2.00,-5.42,4.52,2.50,6.32,4.13,-1.51,-5.63,-0.62,9.93,6.46,4.36,1.42,0.96,7.02,3.01,3.77,1.78,8.90,4.00,6.70,5.00,6.00,6.47,5.50
World Economic Outlook,Annual percent change,W366NGDP_R%,SURINAME,"Gross domestic product, constant prices",5.88,6.40,4.67,3.93,-7.17,10.08,16.52,11.25,12.80,-1.08,-6.85,3.15,-6.17,-4.57,-2.35,-0.16,-1.72,-7.34,8.54,4.05,0.05,2.90,4.00,-9.50,-5.40,7.10,6.70,5.60,1.90,5.00,n.a.,n.a.
World Economic Outlook,Annual percent change,W734NGDP_R%,SWAZILAND,"Gross domestic product, constant prices",5.88,6.40,4.67,3.93,5.66,2.70,5.95,3.94,13.19,-0.27,-6.26,2.76,1.10,1.40,6.28,3.75,13.51,13.46,6.60,8.34,9.72,2.50,1.30,3.30,3.50,3.00,3.60,3.70,2.00,2.00,n.a.,n.a.
World Economic Outlook,Annual percent change,W144NGDP_R%,SWEDEN,"Gross domestic product, constant prices",6.47,0.94,2.29,3.97,3.20,-2.17,1.70,-2.82,0.09,4.22,8.44,-0.01,1.00,1.75,4.05,1.93,2.29,3.15,2.25,2.38,1.36,-1.12,-1.42,-2.22,4.12,3.69,1.08,1.98,2.95,3.78,3.91,3.20
World Economic Outlook,Annual percent change,W146NGDP_R%,SWITZERLAND,"Gross domestic product, constant prices",6.43,4.28,3.46,3.16,1.18,-6.71,-0.84,2.36,0.59,2.44,4.38,1.44,-0.93,1.00,3.03,3.43,1.66,0.71,3.10,4.30,3.80,-0.80,-0.13,-0.48,0.53,0.50,0.32,1.68,2.06,1.69,2.09,2.09
World Economic Outlook,Annual percent change,W463NGDP_R%,SYRIAN ARAB REPUBLIC,"Gross domestic product, constant prices",-5.91,10.98,21.58,-2.98,19.25,21.14,8.93,-1.40,8.33,3.63,11.98,9.51,2.12,1.43,-4.07,6.12,-4.95,1.91,13.27,-8.96,7.64,7.15,10.65,5.00,7.70,5.80,1.80,1.17,5.44,0.05,n.a.,n.a.
World Economic Outlook,Annual percent change,W528NGDP_R%,TAIWAN PROV.OF CHINA,"Gross domestic product, constant prices",11.33,12.77,13.25,12.87,1.16,4.93,13.86,10.19,13.59,8.17,7.30,6.16,3.55,8.45,10.60,4.95,11.64,12.74,7.84,8.23,5.39,7.55,6.76,6.32,6.54,6.03,5.67,6.76,4.65,5.50,6.20,6.00
World Economic Outlook,Annual percent change,W923NGDP_R%,TAJIKISTAN,"Gross domestic product, constant prices",n.a.,n.a.,n.a.,n.a.,n.a.,n.a.,n.a.,n.a.,n.a.,n.a.,n.a.,n.a.,n.a.,n.a.,n.a.,n.a.,n.a.,n.a.,n.a.,n.a.,n.a.,-7.10,-28.90,-11.10,-21.40,-12.50,-4.40,1.70,5.30,3.70,5.00,6.50
World Economic Outlook,Annual percent change,W738NGDP_R%,TANZANIA,"Gross domestic product, constant prices",5.80,4.18,6.72,3.06,2.50,5.69,6.61,0.40,2.13,2.91,3.27,1.21,0.06,-0.88,0.46,3.98,5.62,6.23,5.90,3.77,7.04,2.07,0.58,1.21,1.57,3.57,4.54,3.52,3.35,5.33,5.15,5.60
World Economic Outlook,Annual percent change,W578NGDP_R%,THAILAND,"Gross domestic product, constant prices",6.49,4.66,4.80,9.43,5.44,7.14,8.71,7.21,10.09,6.06,5.76,5.91,5.35,5.58,5.76,4.64,5.53,9.52,13.29,12.19,11.62,8.11,8.08,8.38,8.95,8.90,5.93,-1.75,-10.40,4.21,4.50,5.00
World Economic Outlook,Annual percent change,W742NGDP_R%,TOGO,"Gross domestic product, constant prices",3.60,6.05,3.78,-4.17,4.25,-0.62,-0.47,5.56,6.02,5.40,1.71,-3.42,-3.71,-5.16,5.88,3.72,3.26,-2.48,10.12,4.14,-0.20,-0.70,-3.98,-15.09,14.98,7.85,9.64,4.22,-2.25,2.10,n.a.,n.a.
World Economic Outlook,Annual percent change,W866NGDP_R%,TONGA,"Gross domestic product, constant prices",0.00,0.00,0.00,0.00,0.00,0.00,0.00,0.00,0.00,0.00,0.00,0.00,4.71,1.93,1.77,6.57,2.12,2.99,-1.88,0.39,-2.04,6.41,0.25,3.74,4.95,4.80,-1.43,-4.39,-1.50,0.00,n.a.,n.a.
World Economic Outlook,Annual percent change,W369NGDP_R%,TRINIDAD AND TOBAGO,"Gross domestic product, constant prices",6.56,2.20,3.50,3.00,3.70,2.50,7.77,8.03,-4.24,7.81,1.86,-1.04,3.81,-10.31,-5.75,-4.12,-3.28,-4.56,-4.01,-0.73,1.51,2.68,-1.69,-1.42,3.57,4.00,3.80,3.10,4.40,6.90,n.a.,n.a.
World Economic Outlook,Annual percent change,W744NGDP_R%,TUNISIA,"Gross domestic product, constant prices",7.43,11.04,17.81,0.37,5.64,7.00,7.93,5.60,6.45,6.60,7.40,5.52,-0.48,4.67,5.73,5.67,-1.45,6.70,0.07,2.58,7.08,3.90,7.81,2.19,3.30,2.35,7.03,5.41,5.00,6.54,6.00,6.00
World Economic Outlook,Annual percent change,W186NGDP_R%,TURKEY,"Gross domestic product, constant prices",4.89,9.06,6.57,4.42,8.52,8.89,8.45,7.47,2.83,-0.87,-0.78,4.36,3.43,4.76,6.82,4.26,6.94,9.58,2.32,0.29,9.18,0.80,5.04,7.65,-4.67,8.07,6.95,7.58,3.09,-4.33,4.49,4.79
World Economic Outlook,Annual percent change,W925NGDP_R%,TURKMENISTAN,"Gross domestic product, constant prices",n.a.,n.a.,n.a.,n.a.,n.a.,n.a.,n.a.,n.a.,n.a.,n.a.,n.a.,n.a.,n.a.,n.a.,n.a.,n.a.,n.a.,n.a.,n.a.,n.a.,n.a.,-4.70,-5.30,-10.00,-17.30,-7.20,-6.70,-11.30,5.00,16.00,18.90,2.20
World Economic Outlook,Annual percent change,W746NGDP_R%,UGANDA,"Gross domestic product, constant prices",1.51,2.93,0.67,-0.61,0.17,-2.02,0.73,1.57,5.06,-7.59,-3.39,3.86,8.20,4.90,-3.00,-3.00,0.95,4.00,8.29,6.40,6.50,0.99,3.08,8.38,5.40,10.62,7.78,4.54,5.40,7.83,7.00,7.00
World Economic Outlook,Annual percent change,W926NGDP_R%,UKRAINE,"Gross domestic product, constant prices",n.a.,n.a.,n.a.,n.a.,n.a.,n.a.,n.a.,n.a.,n.a.,n.a.,n.a.,n.a.,n.a.,n.a.,n.a.,n.a.,n.a.,n.a.,n.a.,n.a.,n.a.,-10.62,-17.00,-14.20,-22.90,-12.24,-9.98,-3.04,-1.71,-0.35,0.52,3.03
World Economic Outlook,Annual percent change,W466NGDP_R%,UNITED ARAB EMIRATES,"Gross domestic product, constant prices",14.50,14.50,14.50,14.50,14.50,6.23,15.04,17.44,-4.38,3.61,-1.79,7.88,-7.06,-5.35,4.46,-2.47,-19.41,5.52,-2.57,13.32,17.53,0.21,3.81,5.08,8.39,8.10,10.40,3.92,-7.06,8.50,n.a.,n.a.
World Economic Outlook,Annual percent change,W112NGDP_R%,UNITED KINGDOM,"Gross domestic product, constant prices",2.28,1.99,3.50,7.36,-1.70,-0.70,2.80,2.35,3.40,2.76,-2.20,-1.28,1.80,3.74,2.42,3.81,4.22,4.44,5.18,2.14,0.64,-1.49,0.05,2.32,4.39,2.79,2.56,3.51,2.16,2.02,3.02,2.00
World Economic Outlook,Annual percent change,W111NGDP_R%,UNITED STATES,"Gross domestic product, constant prices",0.19,3.34,5.43,5.77,-0.59,-0.36,5.56,4.64,5.52,3.18,-0.23,2.45,-2.02,4.33,7.26,3.85,3.42,3.40,4.17,3.51,1.76,-0.47,3.05,2.65,4.04,2.67,3.57,4.25,4.31,4.15,4.38,2.98
World Economic Outlook,Annual percent change,W298NGDP_R%,URUGUAY,"Gross domestic product, constant prices",4.81,1.69,-1.55,0.36,3.14,5.86,3.98,1.17,5.28,6.17,5.97,2.01,-9.58,-5.61,-1.09,1.48,8.86,7.93,-0.01,1.29,0.88,3.22,7.88,3.00,6.34,-1.75,5.28,5.06,4.49,-2.50,2.00,4.00
World Economic Outlook,Annual percent change,W927NGDP_R%,UZBEKISTAN,"Gross domestic product, constant prices",n.a.,n.a.,n.a.,n.a.,n.a.,n.a.,n.a.,n.a.,n.a.,n.a.,n.a.,n.a.,n.a.,n.a.,n.a.,n.a.,n.a.,n.a.,n.a.,n.a.,n.a.,-0.50,-11.10,-2.30,-4.20,-0.90,1.60,2.43,4.41,4.10,3.00,2.00
World Economic Outlook,Annual percent change,W846NGDP_R%,VANUATU,"Gross domestic product, constant prices",10.15,4.34,2.11,6.83,3.43,6.06,1.25,6.53,8.68,3.22,5.45,1.00,1.98,3.01,6.86,1.11,-2.02,0.42,0.57,4.06,11.57,4.33,-0.72,4.45,1.28,3.76,3.46,2.73,2.10,2.72,n.a.,n.a.
World Economic Outlook,Annual percent change,W299NGDP_R%,VENEZUELA,"Gross domestic product, constant prices",8.76,3.02,2.73,6.25,6.06,6.08,8.77,6.72,2.08,1.32,-1.90,-0.41,0.71,-5.51,1.16,0.19,6.51,3.57,5.84,-8.59,6.48,9.74,6.05,0.28,-2.37,3.97,-0.20,6.37,-0.11,-7.17,3.24,3.08
World Economic Outlook,Annual percent change,W582NGDP_R%,VIETNAM,"Gross domestic product, constant prices",7.82,3.80,1.96,-1.42,2.48,2.99,11.00,13.56,1.77,6.72,-3.50,5.80,8.15,7.09,8.40,5.62,3.36,2.55,5.10,7.80,4.90,6.01,8.65,8.07,8.84,9.54,9.34,8.15,3.50,3.50,4.50,5.50
World Economic Outlook,Annual percent change,W474NGDP_R%,"YEMEN, REPUBLIC OF","Gross domestic product, constant prices",n.a.,n.a.,n.a.,n.a.,n.a.,n.a.,n.a.,n.a.,n.a.,n.a.,n.a.,n.a.,n.a.,n.a.,n.a.,n.a.,n.a.,n.a.,n.a.,n.a.,n.a.,0.30,4.90,2.90,-0.50,8.58,5.64,5.19,2.50,3.30,n.a.,n.a.
World Economic Outlook,Annual percent change,W754NGDP_R%,ZAMBIA,"Gross domestic product, constant prices",-13.69,0.06,9.84,-0.96,6.74,-2.43,4.31,-4.34,0.57,-3.04,3.85,6.63,-2.91,-1.14,-1.72,1.24,1.70,1.49,9.27,-3.66,-0.48,-0.74,2.04,-0.09,-13.25,-2.31,6.48,3.48,-1.96,1.05,n.a.,n.a.
World Economic Outlook,Annual percent change,W698NGDP_R%,ZIMBABWE,"Gross domestic product, constant prices",5.88,12.04,9.71,-7.53,17.31,-2.80,-0.79,-5.69,-2.15,3.80,10.68,12.53,2.63,1.59,-1.91,6.94,2.10,1.15,7.55,5.22,6.98,5.53,-9.03,1.33,6.86,-0.56,8.66,3.75,2.47,0.49,n.a.,n.a.
